"undir.pair","date","batA","batB","ID"
"alana-beast",2024-07-16,0,9,"2024-07-16_alana-beast"
"alana-beast",2024-07-23,0,0,"2024-07-23_alana-beast"
"alana-beast",2024-07-29,0,0,"2024-07-29_alana-beast"
"alana-creep",2024-07-16,0,228,"2024-07-16_alana-creep"
"alana-creep",2024-07-22,11,165,"2024-07-22_alana-creep"
"alana-creep",2024-07-29,0,0,"2024-07-29_alana-creep"
"alana-kazul",2024-07-16,4,38,"2024-07-16_alana-kazul"
"alana-kazul",2024-07-23,0,0,"2024-07-23_alana-kazul"
"alana-kazul",2024-08-03,0,0,"2024-08-03_alana-kazul"
"alana-lurch",2024-07-14,8,4,"2024-07-14_alana-lurch"
"alana-lurch",2024-07-23,0,14,"2024-07-23_alana-lurch"
"alana-lurch",2024-08-04,0,0,"2024-08-04_alana-lurch"
"alana-mochi",2024-07-14,2,69,"2024-07-14_alana-mochi"
"alana-mochi",2024-07-27,0,0,"2024-07-27_alana-mochi"
"alana-mochi",2024-08-03,0,0,"2024-08-03_alana-mochi"
"alana-quark",2024-07-17,0,0,"2024-07-17_alana-quark"
"alana-quark",2024-07-22,0,0,"2024-07-22_alana-quark"
"alana-quark",2024-08-03,0,0,"2024-08-03_alana-quark"
"alana-yikes",2024-07-27,50,343,"2024-07-27_alana-yikes"
"alana-yikes",2024-08-04,176,412,"2024-08-04_alana-yikes"
"alana-yikes",2024-07-17,0,0,"2024-07-17_alana-yikes"
"beast-creep",2024-07-16,7,112,"2024-07-16_beast-creep"
"beast-creep",2024-07-22,0,36,"2024-07-22_beast-creep"
"beast-creep",2024-08-01,0,0,"2024-08-01_beast-creep"
"beast-kazul",2024-07-16,13,16,"2024-07-16_beast-kazul"
"beast-kazul",2024-07-23,1,0,"2024-07-23_beast-kazul"
"beast-kazul",2024-08-05,0,0,"2024-08-05_beast-kazul"
"beast-lurch",2024-07-14,0,0,"2024-07-14_beast-lurch"
"beast-lurch",2024-07-23,0,0,"2024-07-23_beast-lurch"
"beast-lurch",2024-08-01,0,0,"2024-08-01_beast-lurch"
"beast-mochi",2024-07-14,2,14,"2024-07-14_beast-mochi"
"beast-mochi",2024-07-27,0,2,"2024-07-27_beast-mochi"
"beast-mochi",2024-07-29,3,0,"2024-07-29_beast-mochi"
"beast-quark",2024-07-17,4,0,"2024-07-17_beast-quark"
"beast-quark",2024-07-22,0,0,"2024-07-22_beast-quark"
"beast-quark",2024-08-05,0,0,"2024-08-05_beast-quark"
"beast-yikes",2024-07-17,3,5,"2024-07-17_beast-yikes"
"beast-yikes",2024-07-27,0,3,"2024-07-27_beast-yikes"
"beast-yikes",2024-08-01,0,308,"2024-08-01_beast-yikes"
"creep-kazul",2024-07-16,23,52,"2024-07-16_creep-kazul"
"creep-kazul",2024-07-28,0,0,"2024-07-28_creep-kazul"
"creep-kazul",2024-08-05,0,0,"2024-08-05_creep-kazul"
"creep-lurch",2024-07-15,57,0,"2024-07-15_creep-lurch"
"creep-lurch",2024-07-28,0,0,"2024-07-28_creep-lurch"
"creep-lurch",2024-08-01,0,0,"2024-08-01_creep-lurch"
"creep-mochi",2024-07-15,18,1,"2024-07-15_creep-mochi"
"creep-mochi",2024-07-25,12,7,"2024-07-25_creep-mochi"
"creep-mochi",2024-07-29,0,0,"2024-07-29_creep-mochi"
"creep-quark",2024-07-21,72,0,"2024-07-21_creep-quark"
"creep-quark",2024-07-25,27,0,"2024-07-25_creep-quark"
"creep-quark",2024-08-05,0,0,"2024-08-05_creep-quark"
"creep-yikes",2024-07-21,293,238,"2024-07-21_creep-yikes"
"creep-yikes",2024-07-25,26,0,"2024-07-25_creep-yikes"
"creep-yikes",2024-08-01,0,41,"2024-08-01_creep-yikes"
"kazul-lurch",2024-07-15,12,0,"2024-07-15_kazul-lurch"
"kazul-lurch",2024-07-23,0,0,"2024-07-23_kazul-lurch"
"kazul-lurch",2024-08-02,0,0,"2024-08-02_kazul-lurch"
"kazul-mochi",2024-07-15,3,4,"2024-07-15_kazul-mochi"
"kazul-mochi",2024-07-24,0,0,"2024-07-24_kazul-mochi"
"kazul-mochi",2024-08-03,0,0,"2024-08-03_kazul-mochi"
"kazul-quark",2024-07-21,0,0,"2024-07-21_kazul-quark"
"kazul-quark",2024-07-28,0,0,"2024-07-28_kazul-quark"
"kazul-quark",2024-08-03,0,0,"2024-08-03_kazul-quark"
"kazul-yikes",2024-07-24,10,2,"2024-07-24_kazul-yikes"
"kazul-yikes",2024-08-02,4,18,"2024-08-02_kazul-yikes"
"kazul-yikes",2024-07-21,0,0,"2024-07-21_kazul-yikes"
"lurch-mochi",2024-07-18,6,16,"2024-07-18_lurch-mochi"
"lurch-mochi",2024-07-24,0,1,"2024-07-24_lurch-mochi"
"lurch-mochi",2024-08-04,0,0,"2024-08-04_lurch-mochi"
"lurch-quark",2024-07-18,0,0,"2024-07-18_lurch-quark"
"lurch-quark",2024-07-28,0,0,"2024-07-28_lurch-quark"
"lurch-quark",2024-08-02,0,0,"2024-08-02_lurch-quark"
"lurch-yikes",2024-08-01,0,3,"2024-08-01_lurch-yikes"
"lurch-yikes",2024-07-18,0,0,"2024-07-18_lurch-yikes"
"lurch-yikes",2024-07-24,0,0,"2024-07-24_lurch-yikes"
"mochi-quark",2024-07-18,1,0,"2024-07-18_mochi-quark"
"mochi-quark",2024-07-25,1,0,"2024-07-25_mochi-quark"
"mochi-quark",2024-08-03,0,0,"2024-08-03_mochi-quark"
"mochi-yikes",2024-07-18,4,0,"2024-07-18_mochi-yikes"
"mochi-yikes",2024-07-25,2,8,"2024-07-25_mochi-yikes"
"mochi-yikes",2024-08-04,6,357,"2024-08-04_mochi-yikes"
"quark-yikes",2024-07-18,0,26,"2024-07-18_quark-yikes"
"quark-yikes",2024-08-02,0,274,"2024-08-02_quark-yikes"
"quark-yikes",2024-07-25,0,0,"2024-07-25_quark-yikes"
